cluster,segment_label,n_customers,deposit_yes_rate,age,balance,duration,campaign,pdays,previous,age_z,balance_z,duration_z,campaign_z,pdays_z,previous_z,recommended_action
0,High-call-engagement responders,1823,0.8535381239714755,40.77290181020296,1578.8853538123972,973.9895776193089,2.398793198025233,8.752057048820625,0.1437191442676906,-0.5851462166432863,0.11586520906102915,1.719752950537628,-0.5332633588862866,-0.5370423417095277,-0.5468916489853021,Prioritize in high-intent campaigns; allocate better agents and faster follow-up.
1,Mainstream customer base,6787,0.3269485781641373,41.15500221010756,1432.3848533961987,230.8373360836894,2.190658612052453,5.048769706792397,0.107263886842493,0.1164264100504516,-0.9033397700559159,-0.6947853441295831,-0.5734814280537627,-0.5744028425454203,-0.5702064251946013,Use model scores to prioritize within this large base segment.
2,Over-contacted low responders,315,0.2126984126984127,40.49523809523809,1446.9238095238095,246.55555555555554,14.117460317460317,0.5428571428571428,0.0380952380952381,-1.0949631702347469,-0.8021921532605719,-0.6437160736388131,1.7311472509952743,-0.619860603330238,-0.6144428860000385,Reduce repeated outreach and retest with alternative channels or messaging.
3,Previously-contacted relationship segment,2237,0.6468484577559231,41.943227536879746,1790.7295485024586,327.33750558784084,1.9271345552078676,233.59767545820296,3.706303084488154,1.5636829768275553,1.5896667142554555,-0.38125153276923257,-0.6244024640552254,1.7313057875851858,1.7315409601799419,Use relationship-based offers and retention-oriented messaging.
