model,cv_auc_mean,cv_auc_std
Gradient Boosting,0.7905561875904565,0.01440988965069036
Logistic Regression,0.7617803732527888,0.014317730039061415
