algorithm,n_itemsets,n_rules,runtime_seconds
FP-Growth,2298,1138,0.37200474739074707
Apriori,2298,1138,0.49399733543395996
