algorithm,n_itemsets,n_rules,runtime_seconds
FP-Growth,2298,1138,0.43400120735168457
Apriori,2298,1138,1.0780024528503418
