algorithm,n_itemsets,n_rules,runtime_seconds
FP-Growth,2298,1138,0.5319976806640625
Apriori,2298,1138,0.6579997539520264
